language,views,comments,ratio_interaccion
C#,259864.66666666666,264.0,1.02
IA,324965.0,542.0,1.6366666666666667
Java,341273.0,309.5,0.94
JavaScript,354568.5,358.5,0.99
PHP,150469.5,299.0,3.59
Python,1646172.0,1058.0,0.8766666666666666
SQL,980426.0,855.0,1.45
TypeScript,168435.0,155.33333333333334,0.9766666666666666
