language,total_views,total_comments,ratio
C#,259864.66666666666,264.0,1.0159134113397488
IA,324965.0,542.0,1.6678719246688105
Java,341273.0,309.5,0.9068985826596302
JavaScript,354568.5,358.5,1.0110881254256936
PHP,150469.5,299.0,1.9871136675538899
Python,1646172.0,1058.0,0.6427031926189972
SQL,980426.0,855.0,0.872069896147185
TypeScript,168435.0,155.33333333333334,0.9222152957124905
